Player,Alternative Tags,,,,,,
@pink,pink,@pinkbombo91,,,,,
+HOPE+,Risengrød,,,,,,
~Phoebe~,~Fez~,,,,,,
$BK,,,,,,,
0a66b04b,WaDi,,,,,,
0mart,,,,,,,
111,,,,,,,
2a415fe4,Puppeh,,,,,,
2a6e2371,Armadillo,,,,,,
2Garin,,,,,,,
2Scary,,,,,,,
33ぺらんbox,33peranBOX,,,,,,
3C,,,,,,,
3li_SSB,,,,,,,
4LRayonier,,,,,,,
67,,,,,,,
680ce885,Justice,,,,,,
8BitMan,,,,,,,
9B,,,,,,,
A-Crown,,,,,,,
A7mad_64,,,,,,,
Aaron,,,,,,,
AaronBoyMan,,,,,,,
Abadango,あばだんご,,,,,,
abb,,,,,,,
abezuraa,Abe#zuraa,abrahamzura,,,,,
Abida,"Hawk ""Skibidi"" Tuah",,,,,,
ABR,,,,,,,
AC,,,,,,,
Acida,,,,,,,
ADADA,,,,,,,
adom,,,,,,,
AdrianSP,,,,,,,
ADverb,,,,,,,
Ady,,,,,,,
aeschli,Crash,,,,,,
Aggrise,,,,,,,
Agro,,,,,,,
AirLi,,,,,,,
aj__siv,,,,,,,
akasa,,,,,,,
AKFirez,,,,,,,
AkGSkul,,,,,,,
AKKO,,,,,,,
Aku,,,,,,,
Alab,,,,,,,
AlanDiss,,,,,,,
AlastairBL,,,,,,,
albi,,,,,,,
Aldnoah,,,,,,,
Aleixo,,,,,,,
AleX,,,,,,,
Alex!?,,,,,,,
Alexz,,,,,,,
Alibrime,,,,,,,
alice,アリス,,,,,,
Allan,,,,,,,
Allidar,,,,,,,
Almog,,,,,,,
alteR,stasyanski,,,,,,
Aluf,,,,,,,
Amaki,,,,,,,
Amaryllis,,,,,,,
Amesty,,,,,,,
Amrit,,,,,,,
Anality,,,,,,,
Anansi,,,,,,,
Anarchy,,,,,,,
Anathema,,,,,,,
Anbil,,,,,,,
Andre247,,,,,,,
AndresFn,catapulta33,,,,,,
AndrewT,,,,,,,
Andrik,,,,,,,
Andru,,,,,,,
AnDy,,,,,,,
Andy,,,,,,,
Ang,,,,,,,
Anikai,,,,,,,
AnthonyIsntCool,,,,,,,
Antimony,,,,,,,
Ants,,,,,,,
Apex,,,,,,,
ApolloKage,,,,,,,
Apple Reviewer,,,,,,,
AppleWiz,Apple,,,,,,
Arain,,,,,,,
Arbok,,,,,,,
Architect,,,,,,,
Arkangel,,,,,,,
Arkdee,,,,,,,
Armads (HEM),Armads,,,,,,
aro,,,,,,,
Artist,Ever,,,,,,
Asaaj,,,,,,,
ascro,Chadscro,,,,,,
Asellus,,,,,,,
ASH,,,,,,,
Ashen,따개비루,Huyu,,,,,
Asimo,あしも,,,,,,
Astigmatism,,,,,,,
ASYM,,,,,,,
ATATA,,,,,,,
ATELIER,あとりえ,,,,,,
Atheo,,,,,,,
Atomic,,,,,,,
Atreus,Midnight,xXBuntaifan94000Xx,,,,,
AwaggKing,,,,,,,
AwDaSea,,,,,,,
Axem Chriz,,,,,,,
AxF,,,,,,,
Axiom XL,,,,,,,
Ayapero,,,,,,,
Aychde,,,,,,,
Ayzyx,,,,,,,
Azabeth,,,,,,,
Azore,,,,,,,
Azrael,,,,,,,
Azrael ,GANGSTER PRINCE.,Shaveh,,,,,
Ázral,Azral,,,,,,
b1913ac1,Elegant,,,,,,
B4sedlord,,,,,,,
Babino,,,,,,,
Bajow,,,,,,,
BakedGoods,,,,,,,
Banana,,,,,,,
Bananime,,,,,,,
Banjo,,,,,,,
Bapps,,,,,,,
based yuri,,,,,,,
BassMage,,,,,,,
Bathory,,,,,,,
Bati,Batipeta,Spiderpeta,,,,,
Batrang,,,,,,,
BAvillain,,,,,,,
Bayo!,Turning Red,Thourning Red,Steve Master 666,Kitty Patitas Suaves,,,
BCLeo,,,,,,,
Bean,,,,,,,
beanmoney,,,,,,,
BeastModePaul,,,,,,,
Beasty,,,,,,,
BECK99,Demon,,,,,,
Bedgar,Jayce,,,,,,
Beefy,,,,,,,
Beet,,,,,,,
BeJay !,BeJay!,,,,,,
Benathan,,,,,,,
Benca,,,,,,,
Bernie,,,,,,,
Bestia,,,,,,,
BetaMan,,,,,,,
Bethly,贝丝莉,,,,,,
BHIO,,,,,,,
BICI,,,,,,,
big chungus,,,,,,,
Big D,,,,,,,
Big Red,,,,,,,
Big Stew,BigStew,,,,,,
BigFatTurtle,,,,,,,
BigFred,,,,,,,
BigLord,,,,,,,
BIGTTARFAN600,maidan,Pwner,,,,,
Bittersweetsymphony,,,,,,,
Bl4ck,,,,,,,
Blackrenown,,,,,,,
Blacktwins13,Blacktwins,,,,,,
Blas,,,,,,,
Blaze,,,,,,,
Blazed,,,,,,,
BlitzLuigy,,,,,,,
Bloom4Eva,,,,,,,
bluecat,藍貓,,,,,,
BlueDemon,,,,,,,
Blueka,Bayoncé,Bayo Minaj,,,,,
Blues,,,,,,,
BluThunder,,,,,,,
Bobo,,,,,,,
Bolasz,,,,,,,
Bombastic,,,,,,,
Bomber,,,,,,,
Bomboozler,Edmond,,,,,,
Bonilla,,,,,,,
Boodabam,,,,,,,
Bookius,,,,,,,
Bop GOT EM,,,,,,,
Br1 AV,,,,,,,
Brain Power,,,,,,,
Braixen,,,,,,,
Brando,,,,,,,
BreadStick,,,,,,,
Breakfast,,,,,,,
Brendy777,,,,,,,
BriAutumn,,,,,,,
BriAutumn,,,,,,,
Bro1,,,,,,,
Broly,,,,,,,
Bruho,,,,,,,
BT.YAMATO,,,,,,,
Buandon,,,,,,,
Bubbles,,,,,,,
BulborbBob,Jerkmaker 9000,,,,,,
Burnlight,,,,,,,
Burnt,,,,,,,
Burst,NotAYoshiMain,NamikazeBurst,,,,,
Burst ,Lion Pizza Chip,JustinJillegal,,,,,
Bushaheen,,,,,,,
bushihunzi,,,,,,,
C@den,,,,,,,
CaKe,,,,,,,
Cali,,,,,,,
Calvaflow,,,,,,,
Cam ping,Cam,,,,,,
Candle,thirty4,,,,,,
Cantu,,,,,,,
Capitancito,,,,,,,
Captain L,,,,,,,
CaptainCRUP!!!,,,,,,,
Castle,,,,,,,
CAT,,,,,,,
Catalyst,,,,,,,
Catalyxx,,,,,,,
CC/Ultm salt,Ultm salt,Ultimate salt,,,,,
ced,cedfund,,,,,,
Cesmi,,,,,,,
Chadi776,M4d_Ara,,,,,,
Chag,,,,,,,
chapstick,yeti,sweeby,rundontwalk,Kasmir,,,
Char,,,,,,,
Charlie,,,,,,,
Charliedaking,,,,,,,
Chase,Ai hoshino,2B,Yuno,,,,
Chazz,,,,,,,
Chazz ,,,,,,,
CheesetheGamer,,,,,,,
Chef,,,,,,,
Cherrycherim,,,,,,,
ChetKie,,,,,,,
chicken,ちきん,,,,,,
chipotle,,,,,,,
Choco,ちょこ,,,,,,
ChocoTaco,,,,,,,
Chokeyuken,,,,,,,
Chon,ちょん,,,,,,
CHOSEN,,,,,,,
Chris,,,,,,,
Chronos,,,,,,,
Chugs,Was Pops wrong for this?,,,,,,
Chunky,,,,,,,
ChunkyKong,,,,,,,
Cismu,,,,,,,
CJFrozen,,,,,,,
CK,,,,,,,
Clay,,,,,,,
Clique,,,,,,,
Cloudy,,,,,,,
CloudZX,,,,,,,
Coach Ben,<-/ben,,,,,,
Cobra,,,,,,,
Cody,,,,,,,
Coleman,,,,,,,
Colga roon,When_Lie,,,,,,
comet,,,,,,,
Con_Gaming,,,,,,,
conbeef,,,,,,,
Confnin,Confolio,Big Conf,TeaTimeTony,,,,
Conquest,,,,,,,
Corey,,,,,,,
Cormeme,,,,,,,
Corraje,,,,,,,
Corvo,,,,,,,
Cosmos,,,,,,,
Crab_Moto,,,,,,,
Creeperconstable,,,,,,,
crêpe salée,crepe salee,Gofiesta's n°1 fan,GATLINGPEASHOOTER47,,,,
Crisam,,,,,,,
Criswindstorm,,,,,,,
Croi,,,,,,,
CrossZX,,,,,,,
Croustillant Biscuit Sec,Kami,,,,,,
Cruise,If You lose to me U Suck,CREWS,,,,,
CSalt,C-Salt,,,,,,
cu4dr0,,,,,,,
Cuban Misfire Crisis,Cuban Poop Crisis,,,,,,
CurryGovernor,,,,,,,
Cyan,,,,,,,
Cyan,,,,,,,
Cybil,,,,,,,
Cycl0ne,,,,,,,
D’Taku,D'Taku,,,,,,
D$rex,$$D$rex$$,,,,,,
D3,,,,,,,
D3rpatr0n,,,,,,,
D5,,,,,,,
d6abfb2d,Machu,,,,,,
Daak.RD,Daak,Soarin.RD,DaakRD,,,,
Dabuz,,,,,,,
Dackt,,,,,,,
Dags,,,,,,,
DangoTinker,,,,,,,
Daniel,,,,,,,
DannyDarko,DYNAMIC,,,,,,
Dany,Dany2theny,,,,,,
DanyBoy,,,,,,,
DanyPB,,,,,,,
Dark Wizzy,,,,,,,
Dawn,,,,,,,
Dawsk,,,,,,,
Dayyy,,,,,,,
daze,,,,,,,
DC,,,,,,,
DD,BartOfIron,,,,,,
DDee,,,,,,,
DDIS,,,,,,,
Deck,,,,,,,
DeepFreeze,,,,,,,
Deer,,,,,,,
Denos,,,,,,,
Deox6,,,,,,,
DERBAS,,,,,,,
Desmona,,,,,,,
Destany,,,,,,,
devastator,,,,,,,
Deviljhoey,,,,,,,
DeviTangerine,Dheiwkbsjenwisnbd,DeVi,,,,,
Dexter,,,,,,,
Dez,,,,,,,
Dh Hunter,Hunter,,,,,,
Dia,,,,,,,
Diabeo,,,,,,,
Dice,,,,,,,
DieG0D,,,,,,,
Diesel Booster,,,,,,,
Dieごろう,DieGorou,,,,,,
DIO,,,,,,,
Dio_UwU,,,,,,,
Divine,,,,,,,
dixy,,,,,,,
DJ Bøffen,tsun,,,,,,
DJDon,,,,,,,
Dmitrii,,,,,,,
Dmo,,,,,,,
Dominator,,,,,,,
Domino,ドミノ(Domino),,,,,,
Doomblaze,,,,,,,
Doorstop,,,,,,,
doperman,,,,,,,
Double,,,,,,,
Douma,,,,,,,
Dr. BustDown,,,,,,,
Dr. Iggy,,,,,,,
Dr. Kirb,,,,,,,
Drag00nn,,,,,,,
DragonFruit,,,,,,,
DragonSlayer,,,,,,,
Draxsel,,,,,,,
Drayne,,,,,,,
Drayv,,,,,,,
Dreamer,,,,,,,
Drifter,,,,,,,
drybie,,,,,,,
DsKyo,,,,,,,
Dtier,,,,,,,
Dufaux,,,,,,,
Dugongs,,,,,,,
Duplex,,,,,,,
Dura,,,,,,,
Dusk,,,,,,,
DYn,,,,,,,
EB Kub4444,Kub4444,,,,,,
Echofire,Setsuna Yuki,,,,,,
ECruz,,,,,,,
Ed^,,,,,,,
Eddawg,,,,,,,
EdenBean,Eden,,,,,,
Egiru,,,,,,,
EGO,,,,,,,
Eim,,,,,,,
Eki,,,,,,,
EKING,,,,,,,
Eko,,,,,,,
ekzLeon,,,,,,,
El Manu,ORD El Manu,,,,,,
Eldin,,,,,,,
Eleven,,,,,,,
Eleya,,,,,,,
Elgin,,,,,,,
elijmin,,,,,,,
Elio,,,,,,,
elitetweet,,,,,,,
ElSantoGTZ,,,,,,,
Elvis,,,,,,,
Eman,,,,,,,
Emann,,,,,,,
eMass,Joyboy,,,,,,
embo_z,,,,,,,
Emi!!,,,,,,,
Emma,Emm,,,,,,
Emma ,,,,,,,
Endothia,Paras,,,,,,
enhancedpv,,,,,,,
Ente,perry das schnabeltier,,,,,,
Epic_Gabriel,Epic Gabriel,,,,,,
ERA,,,,,,,
eric42,,,,,,,
Erin,Erik,,,,,,
Eros,Nobu,,,,,,
Ertiga!,Ertiga,,,,,,
ESAM,,,,,,,
Escurridizo,,,,,,,
Estus,,,,,,,
Etsuji,えつじ,,,,,,
Exciled,,,,,,,
Exodia,,,,,,,
Expiredtaco,,,,,,,
extra!?,Extra,,,,,,
Eyeris,,,,,,,
f5b6768a,Skyjay,,,,,,
FABS,,,,,,,
Faifra,Faifre,,,,,,
Fairess,,,,,,,
Fairy Seal,,,,,,,
Faked,,,,,,,
Fancy,,,,,,,
FancyPotatOS,,,,,,,
Fatality,,,,,,,
fatejj,fatejj(草產）,草產(fatejj),草產（fatejj）,fatejj(草產),無上劍主,,
fawn,GOCK IN MY RARI,,,,,,
Feller,,,,,,,
Fendeavor,,,,,,,
Fenghao,,,,,,,
Ferps,,,,,,,
Ferstu,,,,,,,
Fhantum,,,,,,,
firefly,,,,,,,
Fireguy10XX,Nova,,,,,,
firstbones,,,,,,,
Fizz Khalifa,,,,,,,
Fizzmint,,,,,,,
Flamax,,,,,,,
Flappy,,,,,,,
Flavor,Pac-man456,Jsan,,,,,
flieskiller,,,,,,,
FLOR,,,,,,,
Flow,,,,,,,
Foo Fighters,,,,,,,
Forze,,,,,,,
FOW,,,,,,,
Fr33z3Flam3,,,,,,,
FRauDFiSH,,,,,,,
frawg,,,,,,,
Freckles,,,,,,,
Free KayFlock,ZeroTwoNone,,,,,,
Fresh,,,,,,,
Frido,,,,,,,
FrostKqt,Frost,,,,,,
Fryd Ryce,,,,,,,
FuerzaDON,,,,,,,
Fuzzydyne,,,,,,,
FW/アイゴスキー,Aygoski,アイゴスキー,,,,,
GaBo,,,,,,,
Gachipi,がちぴ,,,,,,
Gack's,,,,,,,
Gackt,がくと,,,,,,
Galdur Kær,Seether,,,,,,
Galleon,,,,,,,
Gamase,,,,,,,
Gamer,,,,,,,
Gamerdog,,,,,,,
GANDIX,,,,,,,
GarBel,,,,,,,
Garo,,,,,,,
GARU,,,,,,,
gaze,,,,,,,
Gedestra,,,,,,,
Geist,,,,,,,
Gen,,,,,,,
Gen,,,,,,,
Genialo,,,,,,,
Geovanny,,,,,,,
Gerald,,,,,,,
Ghost,BrickEnthusiast,,,,,,
Ghoul979,,,,,,,
Gigglezz,,,,,,,
Gio(n.n)/,,,,,,,
Gizmo,Ghizmo,,,,,,
Glaceon,,,,,,,
Glutonny,,,,,,,
Go_,,,,,,,
Goblin,goblin deez,,,,,,
GoDMoDe,,,,,,,
Gogeta,,,,,,,
Gohenko,,,,,,,
Goldhat,Goldhatcat,,,,,,
GoofyGoober,,,,,,,
GotM,,,,,,,
Grandmaster,miror_g,,,,,,
Grape,,,,,,,
Gravity,,,,,,,
Greencito,,,,,,,
Greno,,,,,,,
Grim,,,,,,,
GRPB,,,,,,,
Gswizy,,,,,,,
Guilheww,,,,,,,
Gumanku,,,,,,,
Guts,,,,,,,
GuyGuy,,,,,,,
H4,,,,,,,
Hades,,,,,,,
Hagemanto,,,,,,,
Hail,,,,,,,
HammerBro,,,,,,,
Hanadon,,,,,,,
Hao,,,,,,,
happy,,,,,,,
Harlonga,,,,,,,
haruka.,,,,,,,
hat,Hat Isaac,,,,,,
Hatreck,,,,,,,
HaunterGV,Haunter,,,,,,
Hawk,,,,,,,
Hawk ,,,,,,,
haytem,,,,,,,
HDtrainer,,,,,,,
Headshot,,,,,,,
Heat,,,,,,,
Heaven,,,,,,,
HELA,,,,,,,
HENRY LUMA,Luma,,,,,,
Herr Oberst Nu,,,,,,,
HeyItsZero,,,,,,,
Hidden,,,,,,,
HIDE,ひで,,,,,,
HIKARU,,,,,,,
Hohsis,,,,,,,
Homika,,,,,,,
Hoo D. Nii,Hoodinii,,,,,,
Hudet,,,,,,,
Huezo,,,,,,,
Hurt,㍿Hurt,,,,,,
Huto,フト,,,,,,
Hydro,hydrofx,,,,,,
IamGhost,,,,,,,
Iberyes,,,,,,,
iCandres,iCandy,,,,,,
Icebear,,,,,,,
IceKnight,,,,,,,
Ichigo,,,,,,,
IcyK,,,,,,,
IcyMist,,,,,,,
iHasoon,,,,,,,
Ikan,,,,,,,
Ike,あいく,,,,,,
iKO,,,,,,,
iModerz,,,,,,,
Infiknight,,,,,,,
Infinity,,,,,,,
ioppppo,,,,,,,
Isak,,,,,,,
Isco,,,,,,,
iStudying,,,,,,,
Izuke,,,,,,,
J,,,,,,,
J-Snake,,,,,,,
J3ly,,,,,,,
Ja-Nox,,,,,,,
Jade,,,,,,,
Jagaimo,じゃがいも,,,,,,
Jahzz0,,,,,,,
Jai2go,,,,,,,
Jaime,,,,,,,
Jaka,,,,,,,
Jakal,,,,,,,
Jake,,,,,,,
James_102,,,,,,,
Jamie,,,,,,,
Jammz,,,,,,,
Jams,Nutty Burger,,,,,,
Janitor,,,,,,,
Jar,,,,,,,
jaredisking1,,,,,,,
Jarr,,,,,,,
JaviCN,,,,,,,
JaviMeow,Javi,,,,,,
Jay,,,,,,,
JaZaR,,,,,,,
JB,,,,,,,
Jbrav,,,,,,,
Jdizzle,,,,,,,
JDV,,,,,,,
Jecofi,,,,,,,
Jegerlilla,,,,,,,
JeJaJeJa,,,,,,,
Jess,,,,,,,
Jezo,,,,,,,
Jhosu,,,,,,,
Jigle,,,,,,,
jinjo,Cohen,Coh,Morgan,,,,
Jix,,,,,,,
jjcat00,DQMasterLasagna000000000,,,,,,
JM,,,,,,,
Jman Delt*,,,,,,,
Jmuze,,,,,,,
Jodgers,,,,,,,
Joe,,,,,,,
Joe ,,,,,,,
Joesse,,,,,,,
Joey,,,,,,,
Jogibu,Jogibu/じょうぎぶ,じょうぎぶ,,,,,
John,,,,,,,
John Numbers,,,,,,,
Johnny hit,,,,,,,
Johto,,,,,,,
JoJoDaHoBo,,,,,,,
Joker,,,,,,,
Jolt,,,,,,,
Jome,Jehovis42,,,,,,
Jon Bombo,JB,Jonathon Bombathon,Googlemaps,,,,
Jonhy,,,,,,,
Jordan,,,,,,,
Josmarlu,,,,,,,
Jovann,,,,,,,
Joz.,,,,,,,
JP,,,,,,,
jT,,,,,,,
Juanpi,,,,,,,
Juice,,,,,,,
Jules,,,,,,,
Just Blue,,,,,,,
Justin25,Justin23,Justin22,Justin24,,,,
Justyce,,,,,,,
JYJ,,,,,,,
jyo1,,,,,,,
K. Kool,,,,,,,
K11,,,,,,,
K3D,,,,,,,
Kabayeezy,,,,,,,
kaedegi,楓木,,,,,,
Kaido,,,,,,,
Kakpu,,,,,,,
Kameme,かめめ,,,,,,
Kandif,,,,,,,
Kanga,Keen,,,,,,
KAngel,1004,Wawa?!,Grievxus,系ぎて,Grievous,OMGkawaiiAngel,parvorbital
Kaninabe,かになべ,,,,,,
Kapito22,KazuyaFan22,,,,,,
Kappy,,,,,,,
Karaage,からあげ,,,,,,
Karakuri,,,,,,,
Karpador64,,,,,,,
Kass,,,,,,,
Kazuya virus,,,,,,,
Keekay,,,,,,,
Keen,,,,,,,
Keenansaur,Keenansaurus,,,,,,
KEN,,,,,,,
Kendrick Olimar,,,,,,,
kendricklamarfan19,Zoroaster,,,,,,
Kepler,,,,,,,
kept,,,,,,,
Kerbooples,,,,,,,
Kerp,,,,,,,
KetFai,,,,,,,
Keutz,,,,,,,
KHS,,,,,,,
KID,,,,,,,
Kie,きぃ,,,,,,
KilogramHours,,,,,,,
Kinaji,,,,,,,
King,,,,,,,
king,King!,,,,,,
KingP,,,,,,,
Kira,,,,,,,
Kirb0,,,,,,,
KirbyPoyo,,,,,,,
Kisen,,,,,,,
Kishiru,キシル,キシル/Kishiru,,,,,
Kite,,,,,,,
KJ,,,,,,,
KLOKY,,,,,,,
Klopsiak,,,,,,,
Koan,,,,,,,
Kobe,,,,,,,
Kodiak,,,,,,,
Kodra,Royal,Nipple Rubber,,,,,
Kola,SALTONE,,,,,,
Kome,コメ,,,,,,
Konari,,,,,,,
Konkreto,,,,,,,
Koolst3r,,,,,,,
Koopius,,,,,,,
Kowalski_023,,,,,,,
KP,,,,,,,
Kraxy,,,,,,,
Krimson101,,,,,,,
KRY,K_R_Y,,,,,,
Kryss,,,,,,,
Kurama,,,,,,,
Kuro1_Fury,,,,,,,
Kuroki Loo,,,,,,,
ky-9,,,,,,,
KyeChimera,,,,,,,
Kyros,,,,,,,
L,,,,,,,
LA GRIMACE,,,,,,,
La_Lapin,,,,,,,
Lalini,,,,,,,
Lammers44,WindowWasher223,,,,,,
Lancelot,,,,,,,
LAO9,,,,,,,
Larry Lurr,,,,,,,
Lasaña,MrLasagna,,,,,,
latios,jihyo please call me,winter please call me,latio$,,,,
Lazerth,,,,,,,
Lea,れあ,,,,,,
Leaf,りーふ,,,,,,
Leaf ,,,,,,,
Leffen,,,,,,,
Legacy,,,,,,,
Legaia,,,,,,,
legend,,,,,,,
leggasiini,,,,,,,
Lemmon,,,,,,,
LemozonA,れもぞねす,,,,,,
Leon,,,,,,,
LeoN,,,,,,,
LeoRyu18,,,,,,,
Lets talk,,,,,,,
Leviathan,Sharp,naitosharp,,,,,
Liam,,,,,,,
Lids,big lims in timbs,,,,,,
Light,,,,,,,
Light ,,,,,,,
LiiMac,りーマック,りー,,,,,
Lil Mr Raul,,,,,,,
Lima,,,,,,,
LIMa,,,,,,,
Ling,,,,,,,
LiORi,,,,,,,
LittN! ඞ,ElTrollino,LittN!,,,,,
Liyrex,,,,,,,
loaf,,,,,,,
loaf,,,,,,,
Locoto,Lokoto,,,,,,
LoFi,,,,,,,
Lohan,,,,,,,
Loi,,,,,,,
lolyoshi,,,,,,,
LoneZen,,,,,,,
Longo,,,,,,,
Looker,,,,,,,
Lookkrung,,,,,,,
Lubra,,,,,,,
Lucas,,,,,,,
Lucas!!,,,,,,,
Lucastrupa,,,,,,,
Lucky,,,,,,,
Lucm3,,,,,,,
Luco,,,,,,,
Ludo,,,,,,,
LudwigFrog,,,,,,,
Lui$,Luis,,,,,,
Luigikid64,,,,,,,
LuiS,,,,,,,
Luisfer,,,,,,,
Lukas,,,,,,,
Lukechito,,,,,,,
Lukewarm,KirbyKid,,,,,,
Lukitu,,,,,,,
Luma,,,,,,,
LumaKing,,,,,,,
Lunamado,ルナマド,,,,,,
Lunia,,,,,,,
Luugi,,,,,,,
Luxa,jery,Toxex,,,,,
Lv.1,,,,,,,
Ly,,,,,,,
Lyfja,,,,,,,
Lynard Killer,,,,,,,
LynZle,,,,,,,
M,Starlord,,,,,,
M.Pop0,,,,,,,
M0tsunabE,Motsunabe,もつなべ,,,,,
M4E,,,,,,,
MA,,,,,,,
Mada,,,,,,,
Maddox Neph,,,,,,,
madra rua,Selkie! >.<,nymphia,espeon,skittish waif,Selkie,,
Magician,,,,,,,
Magnum,Slvr,,,,,,
Maister,,,,,,,
Mait,,,,,,,
MALDO,,,,,,,
Maltl0af,GyozaGPT,Maltloaf,,,,,
Mandy,,,,,,,
Mantolio,,,,,,,
Many,,,,,,,
Manzana,,,,,,,
Mao,真央,,,,,,
Mapelgold,,,,,,,
Maplemage,,,,,,,
Marcane,,,,,,,
Marcio,,,,,,,
Marcos/まるこす,Marcos,まるこす,,,,,
marcy,,,,,,,
MariyoTree,,,,,,,
Mark,VNB | Mark,,,,,,
Mark ,,,,,,,
Maroli,,,,,,,
Maroof,,,,,,,
Marroll,,,,,,,
mars130,,,,,,,
Marshall,,,,,,,
Marss,,,,,,,
Marvelous_Marco,,,,,,,
MASA,,,,,,,
MasterKill,Sabo,,,,,,
Mastronarde,,,,,,,
Mauu,,,,,,,
Mb Nix,Nix,,,,,,
MBG,EL Deech,,,,,,
MC,,,,,,,
McBlaze,,,,,,,
McChutney,,,,,,,
McLkos,Lkos,,,,,,
Meercko,,,,,,,
MeetLeo,,,,,,,
MEGA CHAD,Tony Soprano,,,,,,
Méga-Branette,Silver,,,,,,
Megamac,,,,,,,
Mehak,,,,,,,
Melee,,,,,,,
MelihMegron,,,,,,,
Meme,,,,,,,
MemeGunner,,,,,,,
Menma,,,,,,,
Mercury,,,,,,,
Meru,,,,,,,
Mess,,,,,,,
Metabug,,,,,,,
MetaFire,,,,,,,
Metsu,,,,,,,
Mezcaul,,,,,,,
MFA,,,,,,,
Miaxi,Felix,,,,,,
Middnights,,,,,,,
Mike_KOOL,,,,,,,
Mikerowave,,,,,,,
MindReader,,,,,,,
Minuett,,,,,,,
Mio!,Prince,,,,,,
mion,,,,,,,
Mirai,May,SUPERBIGMARIOFAN,,,,,
Mistah Ping,Mr.Ping,,,,,,
Mistake,tamim,,,,,,
Mitsu,,,,,,,
Miya,ミーヤー/Miya,ミーヤー,,,,,
MKBigBoss,BigBoss,,,,,,
MKLaw,Law,,,,,,
MkLeo,,,,,,,
mnf,,,,,,,
Mo,,,,,,,
MoDzai,,,,,,,
Moe ඞ,Ing. Peru,Peru,Ing. Peruඞ,Moe,,,
mojobones,,,,,,,
Molo,,,,,,,
Momo,,,,,,,
Momo!,,,,,,,
Monolithic,Mr.M,,,,,,
Monte,,,,,,,
Montes,stevenmontes,,,,,,
Moo,,,,,,,
moom,,,,,,,
MopN,Shawn,,,,,,
MordeCloud,Joules Axoloth,,,,,,
Morgone,,,,,,,
morrocoYo,,,,,,,
Morsalsa,,,,,,,
Motomami,,,,,,,
Motomami,,,,,,,
Mous,,,,,,,
Mox,,,,,,,
moxi,Pandarian,,,,,,
moxi,,,,,,,
MPg,,,,,,,
mR noMad,,,,,,,
Mr. E,,,,,,,
Mr. F,,,,,,,
Mr.Arska,,,,,,,
Mr.R,Mr. R,,,,,,
Mr.Rezee,,,,,,,
MRW,,,,,,,
MtKat,,,,,,,
Mugen,HyperKirby,,,,,,
Muk,,,,,,,
Mukuro~,DarkThunder,,,,,,
Munekin,むねキン,,,,,,
Mursu,,,,,,,
Mustaine,OG-Mustaine,,,,,,
MuteAce,,,,,,,
MVD,,,,,,,
MVL,,,,,,,
MyNameIs67,,,,,,,
Myran,,,,,,,
Mysterio,,,,,,,
Mystic,Billie Stylish,,,,,,
Mystikmol,,,,,,,
mzk,,,,,,,
n1an,Nian,,,,,,
N3WTT,,,,,,,
Nabster,,,,,,,
Nabtah,,,,,,,
NaCl,,,,,,,
NadiA,,,,,,,
Nadie,,,,,,,
NaetorU,,,,,,,
Nair^,,,,,,,
Naji,,,,,,,
Nalga,,,,,,,
Namo,,,,,,,
Nao,なお,,,,,,
Naranja,,,,,,,
Narco,,,,,,,
Naskino,,,,,,,
Nathan,,,,,,,
nathan,Joe McXenoblade,,,,,,
NathanBoneCrush,,,,,,,
Ned,,,,,,,
Neeroz,,,,,,,
Negima,,,,,,,
Neo,,,,,,,
Nero,,,,,,,
Nery,,,,,,,
Nessboy12,,,,,,,
NETOmx,,,,,,,
NEXUS,,,,,,,
Nexus,,,,,,,
Nexus ,,,,,,,
NFL,,,,,,,
Nibodax,,,,,,,
Nicko,,,,,,,
Nietono,にえとの,,,,,,
Nightmare,,,,,,,
Niko,,,,,,,
niPin,,,,,,,
Niranira,Ttam,,,,,,
Nito,,,,,,,
Nitox,,,,,,,
No.17,17,,,,,,
NocoBros,ノコブロス,,,,,,
Noel,,,,,,,
NOGGOD,NOGGIE,,,,,,
Noi,のい,,,,,,
Noke,,,,,,,
Noktuz,,,,,,,
Nomad,,,,,,,
NONAME,,,,,,,
NootNoot,Noot,,,,,,
NoTag,,,,,,,
NotBrayden,,,,,,,
Noway,,,,,,,
NStheSN,,,,,,,
ö=べりまき,べりまき,Berimaki,,,,,
OBESOO,,,,,,,
Oblivion129,,,,,,,
OBVIO GL,,,,,,,
Ocon,,,,,,,
Octave,,,,,,,
Offline,,,,,,,
Ogey,,,,,,,
Ojwaddler,,,,,,,
Ok,,,,,,,
Okair,,,,,,,
omega,,,,,,,
OmegaVitor,,,,,,,
OmniMoM,,,,,,,
Onin,Xx_Aw3sum$t3veMa1n_xX,Pocket,,,,,
Ontos,,,,,,,
Oolong,Red Oolong,SuperFNAFKid420,,,,,
Opsine,,,,,,,
OpZ,,,,,,,
Orange,,,,,,,
Orsinite,,,,,,,
Oryon,,,,,,,
Osk,Unlimited Gyro Works,,,,,,
Otakuni,,,,,,,
otek,,,,,,,
Ouch!?,,,,,,,
Ouoyupot,MazeBeans,,,,,,
OwlBBs,,,,,,,
Oyasumi,,,,,,,
Pabu,,,,,,,
Pacha,Border/Hopper,Pachisss,Calito,,,,
Paco,,,,,,,
pacstreet,,,,,,,
Pain!,,,,,,,
Pajarito,Tyson,,,,,,
Paky,TC_Paky,,,,,,
Pancakes,,,,,,,
Pango,,,,,,,
PapaCharly,,,,,,,
Paquito,,,,,,,
Parchi,,,,,,,
Parma Jawn,Ignaize,,,,,,
Paroka,,,,,,,
Paseriman,ぱせりまん,,,,,,
Patience,,,,,,,
PATOO,,,,,,,
PaulBaulo,,,,,,,
Peabnut,,,,,,,
Peanut,,,,,,,
Peckham,,,,,,,
Peco,Bocchi,,,,,,
Pelca,,,,,,,
Peli,,,,,,,
Pelipper Piccolo,Malikoff,Harry,,,,,
Pellon,X-Pellon,,,,,,
Penn,Pennsmash!,,,,,,
Pepo,Laborioso ;),,,,,,
Peppa,,,,,,,
Perezoso,,,,,,,
Perla,,,,,,,
PeW,,,,,,,
PeZ,,,,,,,
Phaethon,Connor,,,,,,
Pharaoh,,,,,,,
Picotera,,,,,,,
PillowTalk Thee Stallion,PillowTalk,,,,,,
Pineda,,,,,,,
Pink Fresh,,,,,,,
PinkC,,,,,,,
Pipwolf,,,,,,,
pitonalbina,,,,,,,
Pixelmeme,,,,,,,
PK,Heru,,,,,,
PkChris,,,,,,,
Player 7,,,,,,,
PlayingAround,,,,,,,
Ploopy,,,,,,,
Pollitopio,,,,,,,
Polty,,,,,,,
Ponflex ツ,Ponflex,,,,,,
Poppt1,,,,,,,
Poro,,,,,,,
Potato,,,,,,,
Poutine,Canadien Poutine,NCF | Canadien Poutine,,,,,
Pow,,,,,,,
Poyo,,,,,,,
PrinceDemo,,,,,,,
Prinplup,Piplup,,,,,,
PRoM,,,,,,,
ProtoBanham,プロトバナム,,,,,,
PSI Force,,,,,,,
PsineWave,,,,,,,
PsY,Byaluc,Byaluc519,DrMayoPastramiSandwich99,mario@abuser.com,,,
Psysilex,,,,,,,
Ptsd,Time?,,,,,,
Pyrum,,,,,,,
Quandale Dinglelingleton,DDog,,,,,,
Quaylectra,,,,,,,
Queen Borealis,,,,,,,
Quidd,,,,,,,
quiK,,,,,,,
qwertz143,,,,,,,
R4PID,,,,,,,
R4YM0ND,,,,,,,
Raarchyor,,,,,,,
Radiant,,,,,,,
Radiaz,,,,,,,
raelu,,,,,,,
Raflow,,,,,,,
Rage,"Rage, The real one",,,,,,
RaiderTRK,Raider,,,,,,
Raiko,,,,,,,
Raikoss,,,,,,,
Raiyihn,,,,,,,
Raleck,,,,,,,
Ranai,,,,,,,
RandumMNK,,,,,,,
Rapires,,,,,,,
Raul,,,,,,,
Ravenking,,,,,,,
Ravenking,,,,,,,
Rayo,,,,,,,
Rayquaza07,,,,,,,
RaZe,,,,,,,
Raziek,,,,,,,
Rearlet,リアーレット/Rearlet,リアーレット,,,,,
rebs,,,,,,,
RedEX,,,,,,,
Regal,,,,,,,
Regalo,,,,,,,
Regi Shikimi,Regi,,,,,,
Reipon,ReiDianita,,,,,,
Relo,Drake,,,,,,
Relwrd,,,,,,,
Remrin,,,,,,,
ReN,,,,,,,
renard,,,,,,,
Reno,れの,,,,,,
Repo,れぽ,,,,,,
reridse,,,,,,,
Revolver,,,,,,,
Rhougue,,,,,,,
Riddles,,,,,,,
RIGONARDO,,,,,,,
Riku,,,,,,,
Rinor,,,,,,,
Ripka,,,,,,,
Ripto,,,,,,,
Risas,,,,,,,
Risette,,,,,,,
Riteshia,りてしあ,,,,,,
Rivers,,,,,,,
Rizeasu,りぜあす,,,,,,
RkVishko,,,,,,,
rm8,,,,,,,
ROB Slayer,,,,,,,
Rob.,,,,,,,
ROBOT3050,,,,,,,
Rocke,,,,,,,
RockMan,,,,,,,
Roger,,,,,,,
rohan doge,,,,,,,
Romeo Santos,,,,,,,
roobi,,,,,,,
Rox,MH Rox,,,,,,
RuaanRuaan,,,,,,,
Ryan,,,,,,,
rydra,,,,,,,
Ryng,Jimmy,,,,,,
RyuKai,,,,,,,
S1rlo,,,,,,,
SA Q,Q,,,,,,
Sabi01,,,,,,,
saboten,さぼてん,,,,,,
Sage Mode,,,,,,,
Sagetech,,,,,,,
Saiyan,,,,,,,
Sakana,,,,,,,
Salmerón,,,,,,,
Saloum,,,,,,,
Saltlord,,,,,,,
Salty,,,,,,,
sam,,,,,,,
Sam,Samuel,,,,,,
Sam ,,,,,,,
sammm,,,,,,,
San,,,,,,,
Sandro,,,,,,,
sandy,sandbag,,,,,,
Saosin,,,,,,,
SassyFlygon,,,,,,,
Saturn,,,,,,,
Sausage,,,,,,,
Sayhnim,,,,,,,
SC | Juce kid,Juce kid,,,,,,
Scend,,,,,,,
Scobojumcopter,Scobo,,,,,,
Scoops,,,,,,,
Scrafty,,,,,,,
Scrub Daddy,,,,,,,
Scrull-,,,,,,,
SdN,,,,,,,
Sean,,,,,,,
SeaRabbits,,,,,,,
sebayee,sebayeeeee,,,,,,
SebPro101,Noki Bay Blue Coins </3,,,,,,
Seco,,,,,,,
Seesaw,,,,,,,
Sefaro,,,,,,,
Senn,,,,,,,
Senn,,,,,,,
Serge,LOscar,L'Oscar,,,,,
SHADIC,,,,,,,
Shadow,,,,,,,
Shai!,ShaiXIII,,,,,,
Shaine,,,,,,,
Shaka,,,,,,,
Shaker,,,,,,,
Shaneak,,,,,,,
shanes,,,,,,,
SHARPY,SHARPYZAR,Sharpyzard,VZNO,,,,
Shellot,,,,,,,
Shelter,,,,,,,
Shen~,illya~<3,illya,,,,,
Shiba,,,,,,,
Shiggy,,,,,,,
Shinnnnnji,,,,,,,
Shinsei,,,,,,,
ShinyMark,,,,,,,
shion,,,,,,,
Shirayuki,シラユキ,,,,,,
shirome,,,,,,,
shmax,,,,,,,
Shmu,,,,,,,
Sho,DSS,,,,,,
Shoe,,,,,,,
Shogun,しょーぐん,,,,,,
Shop,,,,,,,
showers,シャワーズ,,,,,,
shoxas,,,,,,,
shrutik,nazura,$hrutik,,,,,
Shuck3y,,,,,,,
Shunitsu,,,,,,,
Shuton,しゅーとん,,,,,,
Sifr,,,,,,,
Sigma,シグマ,,,,,,
Sikey,,,,,,,
Silver,,,,,,,
Silver ,king_chris,Lights,big blue fan1,Uzuri,melon,,
Sinji,,,,,,,
Sintro,,,,,,,
Sir Dank,,,,,,,
Sir Samo,,,,,,,
Sisqui,,,,,,,
Six_Zhero,Six Hero,,,,,,
Skeleton,,,,,,,
Skinny the Pooh,,,,,,,
SKIPPER,,,,,,,
skittles,SKITTLES!!,,,,,,
Skitz,,,,,,,
SKPeter,,,,,,,
Skullkid,,,,,,,
SkWiirrel,,,,,,,
Sky,,,,,,,
Skye,,,,,,,
Slash,Goodbyes,The Strongest,Ruby Travis Fat,,,,
SLASHY,,,,,,,
SlawpiPawpi,,,,,,,
Slick,,,,,,,
Slipknot,,,,,,,
Slowpoke,,,,,,,
Slvr,,,,,,,
Smallleft,,,,,,,
Smasio,,,,,,,
Smat,,,,,,,
SMB Baki,Baki,,,,,,
Smear,,,,,,,
Smirk,,,,,,,
Smokk,,,,,,,
smub,,,,,,,
smvp88,,,,,,,
SMX199,KineMaster199,SyeriMuaX,,,,,
Snook,,,,,,,
Snormanda,,,,,,,
Soar,,,,,,,
Sockem16,,,,,,,
soh,,,,,,,
Solar,,,,,,,
Solis,,,,,,,
SOLO,,,,,,,
Solobattle,,,,,,,
Som3thing,,,,,,,
Sonido,,,,,,,
Sonix,,,,,,,
Sora Asakura,,,,,,,
Sora_J,,,,,,,
soudsamus,,,,,,,
Soul,,,,,,,
SoulArts,,,,,,,
SP1,,,,,,,
Space,,,,,,,
Spade,,,,,,,
SpamCop,,,,,,,
Spandex,,,,,,,
Sparg0,,,,,,,
SPARKLE,,,,,,,
Spectral,,,,,,,
Spickles,mr.best,,,,,,
Spike,,,,,,,
Spritzy,,,,,,,
Spyder,,,,,,,
SquidGrilla,,,,,,,
SquidNinja,,,,,,,
Squidplumber,,,,,,,
sR,,,,,,,
Sriks,,,,,,,
Ssabado Gigante,,,,,,,
SSJ3,,,,,,,
sssr,,,,,,,
Ssunflower,,,,,,,
Stacked,,,,,,,
Starbadger,,,,,,,
Starboy,,,,,,,
Starlad,,,,,,,
Starlee,,,,,,,
StarMod,,,,,,,
SteelRhydon,Steel Rhydon,,,,,,
Stelar,,,,,,,
Stocktaker69,Stocktaker,,,,,,
storm,,,,,,,
Stronghold,,,,,,,
Stryfe,Fetrys,,,,,,
Styles,,,,,,,
Stylos,,,,,,,
Styx,,,,,,,
Suadero,,,,,,,
Suarez,,,,,,,
Suinoko,すいのこ,,,,,,
Sunny,,,,,,,
Sunshine,,,,,,,
Supahsemmie,,,,,,,
Superberry,,,,,,,
SuperDog,,,,,,,
SuperStriker,Clement,Clement.,,,,,
Suspect,,,,,,,
Susu,PuffeurFou91,,,,,,
SwL,,,,,,,
Syrup,Keshi EBoy,Talking Ben,,,,,
T,,,,,,,
T0atti,Toatti,とあっち,,,,,
T3 DOM,,,,,,,
Tachyon,,,,,,,
Tacobros,,,,,,,
TacoDeGerman,,,,,,,
Taicho,,,,,,,
takera,,,,,,,
Tales,Tales Serafino,,,,,,
Tamafuyu,Tama,Ruler,Tamaふゆ,,,,
tameigo#OKPG,tameigo,,,,,,
Tanark,,,,,,,
Tande,,,,,,,
Tapsy,,,,,,,
TapuMelee,,,,,,,
Tarik,,,,,,,
Tashi,TashipirinForte,,,,,,
Tavares,Awdio,ChillyChilli,,,,,
Tavirow,,,,,,,
TBerns,,,,,,,
Te-sHi,,,,,,,
Tea,てぃー,,,,,,
Teaser,,,,,,,
Teehee!,,,,,,,
TehBlueOne,,,,,,,
Terrarian,,,,,,,
TG(トリグリ),トリグリ,Toriguri,TG（トリグリ）,,,,
Thank,,,,,,,
The Chancellor,,,,,,,
The favy,,,,,,,
THE SCHMIXTAPE,B.G. Tao,Taoudi,,,,,
TheDutchDio,,,,,,,
TheeWeston,,,,,,,
TheHuzz,,,,,,,
Theyla,,,,,,,
Thorn,,,,,,,
ThymeBalloon,,,,,,,
Tickle,,,,,,,
Tilde,,,,,,,
Titan,,,,,,,
TM7_ZAP,,,,,,,
Toast,,,,,,,
ToasT,,,,,,,
toasted_panini,,,,,,,
Tobe,,,,,,,
ToffeeCG,Toffee,,,,,,
TOGURO,Toguro-戸 愚 吕 弟,,,,,,
Tohru,,,,,,,
Tolok,,,,,,,
Tom,,,,,,,
Ton,,,,,,,
Tooky,,,,,,,
Topo,Sebastopo1,,,,,,
toughsnow,,,,,,,
TraX,Trax42,TXK7-TraX,,,,,
TriM,,,,,,,
Triple,,,,,,,
Trucks,,,,,,,
TrueDingus,JiggleJared,JAREDMAINSROY,,,,,
TrueGek,,,,,,,
Tsu,つー,,,,,,
Tsubotsubo,つぼつぼ,,,,,,
Tsumusuto,つむすと,,,,,,
Tu Papá,Tu Papa,Gabs,,,,,
Tuitt,,,,,,,
Turn Up,,,,,,,
TV/シダレザクラ,シダレザクラ,Sidarezakura,,,,,
Tweek,,,,,,,
Twi,,,,,,,
Twitchy!,,,,,,,
Tyranks,,,,,,,
U,,,,,,,
Umeki,うめき,,,,,,
Unfezant,,,,,,,
Unleashed,,,,,,,
Uto,,,,,,,
Utop-ian,,,,,,,
Vallu,,,,,,,
Vanesita,,,,,,,
Vanitas,,,,,,,
Vapor,,,,,,,
Vapor ,,,,,,,
varun,,,,,,,
ven,,,,,,,
Vendetta,,,,,,,
VenJimX,,,,,,,
Venom,,,,,,,
Venom ,,,,,,,
vest,,,,,,,
veto,,,,,,,
Vi,,,,,,,
Vibe,,,,,,,
Vidad,,,,,,,
Violet,,,,,,,
VoiD,,,,,,,
VON,,,,,,,
Vongola,,,,,,,
Voravi?!,,,,,,,
Vorg_HNK,Vorg,,,,,,
Vuhladdin,Vuhladdin~<3,Cagoule,WHO'S Steak!?,asianbunnyxfan,D LeGenDarY UwUFuFu,,
W4wambo,,,,,,,
Wabz,,,,,,,
Waga,,,,,,,
WagThoG,,,,,,,
WaKa,,,,,,,
Waker,KENOUGH,,,,,,
Wal00gi,,,,,,,
Wasac,Wasac424,,,,,,
Waymas,,,,,,,
Weijie01,,,,,,,
Wesker,,,,,,,
Weste,,,,,,,
WHIP,,,,,,,
Who,,,,,,,
Whoophee,,,,,,,
Widara,,,,,,,
Wildz,,,,,,,
william,william!,billie,,,,,
WILLIAM,,,,,,,
Willye,,,,,,,
Winistar,,,,,,,
Wise,,,,,,,
Woker,,,,,,,
Woko,,,,,,,
Wolfen,,,,,,,
Wombat,,,,,,,
Wonf,,,,,,,
worry,,,,,,,
Woulphy,,,,,,,
Wrath,,,,,,,
Wulfy,,,,,,,
Xaïk,Xaik,,,,,,
Xaiop,,,,,,,
xavier,,,,,,,
XCido,,,,,,,
Xerzal,,,,,,,
Xetroz,,,,,,,
XF0,Person,,,,,,
xigua,西瓜,,,,,,
XRias,,,,,,,
xSolozx,,,,,,,
Xtorm,,,,,,,
Xx_Cornbag7_xX47,Mayonator,Lavender,Toasted,,,,
Xyxeon,Xeon,,,,,,
y0lT,,,,,,,
Yahiamice,,,,,,,
Yakko,,,,,,,
Yalmanac,,,,,,,
Yan,,,,,,,
YasuMon,,,,,,,
Yaura,ヤウラ,,,,,,
YB,,,,,,,
YBL,,,,,,,
YDelirious,,,,,,,
Yeast,THE BEK,,,,,,
Yei,Steven V.,,,,,,
yesn't,The monkey,Flvme,,,,,
Yetey,,,,,,,
Yez,,,,,,,
Yiazmat Goat,Yiazmat Goth,,,,,,
YOC,,,,,,,
Yoda Cage,,,,,,,
Yone,,,,,,,
Yone_pi,,,,,,,
yonni,,,,,,,
yooo冰,,,,,,,
YoseFu,,,,,,,
Yoshi_95,,,,,,,
Yoshidora,ヨシドラ,,,,,,
Yostifu,,,,,,,
Yourbro,,,,,,,
Yousef2AT,,,,,,,
Yuka!,,,,,,,
yuki_is_asleep,Yuki,,,,,,
Yuno,,,,,,,
Yuri,,,,,,,
yuzu,,,,,,,
Yン,Yn,,,,,,
Z,1b934b9b,,,,,,
Z-ONE,,,,,,,
Z1LV3RFLOW,CHILEFLOW,,,,,,
z3,z3rg3m3n,,,,,,
Zac,,,,,,,
zackray,ザクレイ,,,,,,
Zafire,,,,,,,
zaK9999,,,,,,,
ZAKI,,,,,,,
Zampa,,,,,,,
Zandomo,,,,,,,
Zane08,,,,,,,
ZanT,,,,,,,
ZanZa,,,,,,,
ZapaRoach,Zapa Roach,,,,,,
Zapata,,,,,,,
ZartZu,,,,,,,
ZD,,,,,,,
ZebraBoi,,,,,,,
Zekip,,,,,,,
zell,,,,,,,
Zemmol,,,,,,,
Zen,,,,,,,
Zenonyte,,,,,,,
Zenyou,,,,,,,
Zeon,,,,,,,
Zerin,,,,,,,
Zick,,,,,,,
Zie,,,,,,,
Ziffy,,,,,,,
Zigzag,,,,,,,
Zinoto,,,,,,,
Zio,,,,,,,
Ziude,,,,,,,
ZizOhNo,,,,,,,
Zoboomafoo,Panther,PantherGod,Lariat Tubman,,,,
Zomba,her rob,,,,,,
Zookalooza,,,,,,,
Zoro,Sly,,,,,,
Zozef,,,,,,,
zurich316,,,,,,,
ΩRugal,OmegaRugal,Rugal,,,,,
あーす,Earth,,,,,,
あcola,acola,,,,,,
アヴァる,Avaru,,,,,,
アカキクス,Akakikusu,,,,,,
アキオ,Akio,,,,,,
アザラッシュ,Azarush,Azarasshu,,,,,
あり,Ari,,,,,,
あんこ,Anko,,,,,,
いーじす/ Ezs,いーじす,Ezs,Aegis,,,,
イナ_フェノン,Ina_Phenon,,,,,,
いば,Iba,,,,,,
インクル,Inkuru,,,,,,
いんぜりー,Injelly,,,,,,
ウスケザ,Usukeza,,,,,,
エース,Ace,,,,,,
エイク,Eik,,,,,,
エルレゴー/ElleGo,ElleGo,エルレゴー,,,,,
おいじょーじ,"Oi, George",おいジョージ,,,,,
おおもり,Oomori,,,,,,
おがとう,Ogatou,,,,,,
おちゃ,Ocha,,,,,,
おび,Obi,,,,,,
オムアツ,Omuatsu,,,,,,
お味噌汁,Omisoshiru,,,,,,
かえる,Kaeru,,,,,,
かしや,Kashiya,,,,,,
カルメロ,Carmelo,カルメろ,,,,,
きょう,Kyou,,,,,,
ギンタマ,Gintama,,,,,,
ぐーり,Gu-ri,Guri,,,,,
クウヤ,Kuu8,KuYa,Kuuya,,,,
くしゃる,Kusharu,,,,,,
クルトワ,Kurutowa,,,,,,
クレータ,Crete,,,,,,
くろー,CLAW,,,,,,
くろすけ,Croske,萩原工業(株) くろすけ,,,,,
けばんが,Kebanga,,,,,,
こう,Kou,,,,,,
こじかよしお,Kojika Yoshio,,,,,,
ゴトウ,Gotou,,,,,,
このくるる,Konokururu,,,,,,
ゴリオカ,Gorioka,,,,,,
コリンク1219,KORINKU1219,コリンク911,KORINKU911,,,,
サムスアラン,Samus Aran,SA,,,,,
さや,Saya,,,,,,
シオン,Shion,,,,,,
シッショー,Shissho,,,,,,
じゃがバター,Jagabata,,,,,,
じゃがめ,Jagame,,,,,,
シャドウ,syadou,,,,,,
シュピ,Shupi,Syupi,,,,,
しゅんたろ,Shuntaro,,,,,,
ショーリミ,Sho Limit,,,,,,
しん/Sin,Sin,しん,,,,,
スガなんです,Suga Nandesu,Suganandesu,,,,,
スノー,Snow,,,,,,
すまほ,Sumaho,,,,,,
せんら,Senra,,,,,,
そめ,Some,Somé,,,,,
たいけい/Taikei,Taikei,たいけい,,,,,
たいしょー,Taishow,,,,,,
ダイナマイト,Dynamite,,,,,,
タクテリア,Takuteria,,,,,,
たこちょこ,Takochoco,,,,,,
たす,Tas,,,,,,
たまPだいふく,TamaPDaifuku,,,,,,
たもピオ,Tamopio,,,,,,
ちょんれん,Chonren,,,,,,
つごもり,Tsugomori,,,,,,
ツナ,Tsuna,,,,,,
ツバキ,Tsubaki,,,,,,
つばき,Tsubaki,,,,,,
とうふ,Tofu,,,,,,
トウラ,Toura,,,,,,
どずっち,Dozutchi,,,,,,
とみさ/tomisa,tomisa,とみさ,,,,,
ドラ右,Doramigi,ドラみぎ,ドラえもんの右腕,,,,
トリガー,TRIGGER,,,,,,
なおちゃ,Naocha,,,,,,
ななみ,Nanami,,,,,,
なにがし,Nanigashi,,,,,,
にごう,Nigou,,,,,,
にぜまも,Nizemamo,,,,,,
にとせんき,Nitosenki,,,,,,
にやえ,Niyae,,,,,,
にょのknb,Nyonoknb,,,,,,
ネイビー,Navy,,,,,,
のっとん,Notton,,,,,,
ばたおさん,Bataosan,,,,,,
バニラ,Vanilla,,,,,,
はらせん,Harasen,,,,,,
パルメ,Parme,ビッグパルメちゃん,Big Parme-chan,,,,
ひで,Hide,,,,,,
ひろき,Hiroki,,,,,,
ふぁいやー,Fire,F1re,,,,,
ふい,Fui,,,,,,
ふたりのきわみアー!,Futari no Kiwami Ah~!,ふたりのきわみアー！,,,,,
ブドー酒,Budoshu,,,,,,
ふららら麺,Furararamen,,,,,,
ぶるぅ,Blue,,,,,,
べじ,Beji,,,,,,
へろー,Hero,,,,,,
ボール#OKPG,Ball#OKPG,Ball,ボール,ボール#おにぎりゃー,Ball#Onigiryaa,,
マーク/Mark,Mark,マーク,,,,,
まいぱん,Maipan,,,,,,
マイルズ,Miles,,,,,,
マイルドなH.O/Mild na H.O,MildnaH.O,MairudonaH.O,Mild na H.O,マイルドなH.O,,,
マキノ,Makino,,,,,,
ましゃ,Masha,,,,,,
マネーライト,Moneyright,,,,,,
まるく,Malk,,,,,,
みこ,Miko,,,,,,
みどるん,Midorun,,,,,,
みょん,Myon,,,,,,
みる,Miru,,,,,,
みるかげ,Mirukage,,,,,,
めたら/Metara,めたら,Metara,,,,,
もっつぁん,Mottsuan,,,,,,
ヤドン,Yadon,,,,,,
ヤドン,Yadon,,,,,,
ヤマナクション,Yamanaction,,,,,,
やまゆー,Yamayu,,,,,,
ヤンぶー,Yanbu,,,,,,
ゆーふぉ,Eupho,,,,,,
よこしゃーぷ,yoko#,,,,,,
よしこう,Yoshiko,,,,,,
らき,Raki,,,,,,
ラックス,Lax,,,,,,
らてぇ,Latte,,,,,,
ラピ,Lapi,,,,,,
ラリックス　　,Rarikkusu,ラリックス,,,,,
らる,Rarukun,らるくん,Raru,,,,
りど,Rido,,,,,,
リノハ,Rinoha,,,,,,
リム,RIMU,,,,,,
りゅーおー/Ryuoh,Ryuoh,りゅーおー,,,,,
りょぺい,Ryopei,,,,,,
るけたす,ruketasu,,,,,,
ルミナス,Luminous,,,,,,
ロキてんどんまん,Roki Tendonman,Loki Tendonman,,,,,
ロッキー,Rokki,,,,,,
ロン/Ron,Ron,ロン,,,,,
わたる,Wataru,,,,,,
わにぱち,Wanipachi,,,,,,
兰螳花侠,Lantanghua Xia,Lantanghuaxia,,,,,
利根川,Pain,,,,,,
古森霧,komorikiri,,,,,,
夏/Natsu,Natsu,夏,相沢夏/Natsu,相沢夏,,,
完美馬爾斯,Quote,,,,,,
小明,Xiao Ming,Xiaoming,,,,,
广东烧腊传奇,Guangdong Shaola Chuanqi,Guangdongshaolachuanqi,,,,,
水上のガケガニ,ガケガニ,Minakami no Gakegani,Gakegani,Suijo no Gakegani,,,
水無灯里,Akari Mizunashi,Mizunashi Akari,,,,,
満足,Manzoku,,,,,,
破竹,Hachiku,,,,,,
穹 (SoRa),穹,SoRa,,,,,
空白,Kuhaku,Kuuhaku,,,,,
维京VikingFire,VikingFire,,,,,,
英都/London,London,英都,,,,,
虫子,Chongzi,,,,,,
雨飴/uame,uame,雨飴,,,,,
风向,kkskcjy,Feng Xiang,Fengxiang,,,,
香蕉哥,BananaSlam,,,,,,
鸽鸽,Ge Ge,,,,,,
麻薯Mashu,Mashu,麻薯,,,,,
黒船,Kurofune,,,,,,